{
  "cookies": [
    {
      "name": "CookieConsentPolicy",
      "value": "0:0",
      "domain": "login.salesforce.com",
      "path": "/",
      "expires": 1753037754.827705,
      "httpOnly": false,
      "secure": true,
      "sameSite": "Lax"
    },
    {
      "name": "LSKey-c$CookieConsentPolicy",
      "value": "0:0",
      "domain": "login.salesforce.com",
      "path": "/",
      "expires": 1753037754.832652,
      "httpOnly": false,
      "secure": true,
      "sameSite": "Lax"
    },
    {
      "name": "BrowserId",
      "value": "sLg-h0bJEe-q98fyx4714g",
      "domain": ".salesforce.com",
      "path": "/",
      "expires": 1753037754.841598,
      "httpOnly": false,
      "secure": true,
      "sameSite": "Lax"
    },
    {
      "name": "session",
      "value": "1721501755637",
      "domain": "login.salesforce.com",
      "path": "/",
      "expires": -1,
      "httpOnly": false,
      "secure": true,
      "sameSite": "None"
    },
    {
      "name": "webact",
      "value": "%7B%22l_vdays%22%3A-1%2C%22l_visit%22%3A0%2C%22session%22%3A1721501756476%2C%22l_search%22%3A%22%22%2C%22l_dtype%22%3A%22%22%2C%22l_page%22%3A%22SFDC%3Aus%3Alogin%22%2C%22l_page_url%22%3A%22https%3A%2F%2Fc.salesforce.com%2Flogin-messages%2Fpromos.html%22%2C%22counter%22%3A0%2C%22pv%22%3A1%2C%22f_visit%22%3A1721501756476%2C%22seg%22%3A%22non-customer%3Aus%22%7D",
      "domain": ".salesforce.com",
      "path": "/",
      "expires": 1753037756,
      "httpOnly": false,
      "secure": true,
      "sameSite": "Lax"
    },
    {
      "name": "inst",
      "value": "APP_J2",
      "domain": ".salesforce.com",
      "path": "/",
      "expires": -1,
      "httpOnly": false,
      "secure": true,
      "sameSite": "Lax"
    },
    {
      "name": "rememberUn",
      "value": "false",
      "domain": ".salesforce.com",
      "path": "/",
      "expires": 1726685757.973806,
      "httpOnly": false,
      "secure": true,
      "sameSite": "Lax"
    },
    {
      "name": "com.salesforce.LocaleInfo",
      "value": "in",
      "domain": ".salesforce.com",
      "path": "/",
      "expires": 1726685757.974156,
      "httpOnly": false,
      "secure": true,
      "sameSite": "Lax"
    },
    {
      "name": "oinfo",
      "value": "c3RhdHVzPUZSRUUmdHlwZT0zJm9pZD0wMEQ1aDAwMDAwOThwZ1I=",
      "domain": ".salesforce.com",
      "path": "/",
      "expires": 1726685757.974213,
      "httpOnly": false,
      "secure": true,
      "sameSite": "Lax"
    },
    {
      "name": "sfdcConsent",
      "value": "1,3,4",
      "domain": ".salesforce.com",
      "path": "/",
      "expires": 1753037758,
      "httpOnly": false,
      "secure": false,
      "sameSite": "Lax"
    },
    {
      "name": "OptanonConsent",
      "value": "isGpcEnabled=0&datestamp=Sun+Jul+21+2024+00%3A25%3A58+GMT%2B0530+(India+Standard+Time)&version=202401.2.0&browserGpcFlag=0&isIABGlobal=false&hosts=&consentId=8cfef29f-5148-4fb1-b665-f0c45e40e88b&interactionCount=0&landingPath=https%3A%2F%2Fc.salesforce.com%2Flogin-messages%2Fpromos.html&groups=1%3A1%2C3%3A1%2C4%3A1",
      "domain": ".salesforce.com",
      "path": "/",
      "expires": 1753037758,
      "httpOnly": false,
      "secure": false,
      "sameSite": "Lax"
    },
    {
      "name": "CookieConsentPolicy",
      "value": "0:1",
      "domain": "testleaf-da-dev-ed.develop.my.salesforce.com",
      "path": "/",
      "expires": 1753037758.646447,
      "httpOnly": false,
      "secure": true,
      "sameSite": "None"
    },
    {
      "name": "LSKey-c$CookieConsentPolicy",
      "value": "0:1",
      "domain": "testleaf-da-dev-ed.develop.my.salesforce.com",
      "path": "/",
      "expires": 1753037758.646889,
      "httpOnly": false,
      "secure": true,
      "sameSite": "None"
    },
    {
      "name": "sfdc_lv2",
      "value": "KxG83HPT86VX4/ryZx1nGYwZt328JO/a+kteoMYniJplY8UtAuTnFQopE+0HtLqJ8=",
      "domain": ".salesforce.com",
      "path": "/",
      "expires": 1753037758.650268,
      "httpOnly": false,
      "secure": true,
      "sameSite": "None"
    },
    {
      "name": "disco",
      "value": "J2:00D5h0000098pgR:0055h00000AnfC0:3",
      "domain": ".salesforce.com",
      "path": "/",
      "expires": -1,
      "httpOnly": false,
      "secure": true,
      "sameSite": "None"
    },
    {
      "name": "autocomplete",
      "value": "1",
      "domain": ".salesforce.com",
      "path": "/",
      "expires": 1726685758.650853,
      "httpOnly": false,
      "secure": true,
      "sameSite": "None"
    },
    {
      "name": "sid",
      "value": "00D5h0000098pgR!AQwAQBR21QFIyOuRswl5ymU.D9OTMTEKIgxR0cxu8pOXVOG9E.erYQ9JxITmp4.IMM3pTzRP7_ObB8z5VoVJ9Qi1z2DSZT6Z",
      "domain": "testleaf-da-dev-ed.develop.my.salesforce.com",
      "path": "/",
      "expires": -1,
      "httpOnly": false,
      "secure": true,
      "sameSite": "None"
    },
    {
      "name": "sid_Client",
      "value": "h00000AnfC0h0000098pgR",
      "domain": "testleaf-da-dev-ed.develop.my.salesforce.com",
      "path": "/",
      "expires": -1,
      "httpOnly": false,
      "secure": true,
      "sameSite": "None"
    },
    {
      "name": "clientSrc",
      "value": "103.163.248.241",
      "domain": "testleaf-da-dev-ed.develop.my.salesforce.com",
      "path": "/",
      "expires": -1,
      "httpOnly": false,
      "secure": true,
      "sameSite": "None"
    },
    {
      "name": "oid",
      "value": "00D5h0000098pgR",
      "domain": "testleaf-da-dev-ed.develop.my.salesforce.com",
      "path": "/",
      "expires": 1753037758.654218,
      "httpOnly": false,
      "secure": true,
      "sameSite": "None"
    },
    {
      "name": "gtm_session_start",
      "value": "1721501758630",
      "domain": "c.salesforce.com",
      "path": "/",
      "expires": 1721503558,
      "httpOnly": false,
      "secure": false,
      "sameSite": "Lax"
    },
    {
      "name": "CookieConsentPolicy",
      "value": "0:1",
      "domain": "testleaf-da-dev-ed.develop.file.force.com",
      "path": "/",
      "expires": 1753037760.358376,
      "httpOnly": false,
      "secure": true,
      "sameSite": "None"
    },
    {
      "name": "LSKey-c$CookieConsentPolicy",
      "value": "0:1",
      "domain": "testleaf-da-dev-ed.develop.file.force.com",
      "path": "/",
      "expires": 1753037760.358696,
      "httpOnly": false,
      "secure": true,
      "sameSite": "None"
    },
    {
      "name": "BrowserId",
      "value": "tACyqkbJEe-Hp8VQgqvvqQ",
      "domain": ".force.com",
      "path": "/",
      "expires": 1753037760.358911,
      "httpOnly": false,
      "secure": true,
      "sameSite": "Lax"
    },
    {
      "name": "sid",
      "value": "00D5h0000098pgR!AQwAQJV9j0JJjr0a4jZbGek81NbIEz08zET9CirruLJHxgHKwVparA5UzgHnrk5EwTcz8tUGVJ6LqxSEUfdDuFCckG0OG3A.",
      "domain": "testleaf-da-dev-ed.develop.file.force.com",
      "path": "/",
      "expires": -1,
      "httpOnly": false,
      "secure": true,
      "sameSite": "None"
    },
    {
      "name": "sid_Client",
      "value": "h00000AnfC0h0000098pgR",
      "domain": "testleaf-da-dev-ed.develop.file.force.com",
      "path": "/",
      "expires": -1,
      "httpOnly": false,
      "secure": true,
      "sameSite": "None"
    },
    {
      "name": "clientSrc",
      "value": "103.163.248.241",
      "domain": "testleaf-da-dev-ed.develop.file.force.com",
      "path": "/",
      "expires": -1,
      "httpOnly": false,
      "secure": true,
      "sameSite": "None"
    },
    {
      "name": "inst",
      "value": "APP_J2",
      "domain": ".force.com",
      "path": "/",
      "expires": -1,
      "httpOnly": false,
      "secure": true,
      "sameSite": "None"
    }
  ],
  "origins": [
    {
      "origin": "https://c.salesforce.com",
      "localStorage": [
        {
          "name": "webactls",
          "value": "{\"chat\":0,\"kxsfdc\":{\"segs\":\"\"},\"l_cloud\":\"No Cloud\"}"
        }
      ]
    }
  ]
}